,frame,min (um),max (um),mean (um),std (um),var (um),min (deg),max (deg),mean (deg),std (deg),var (deg)
0,0,0.0019197677096059,4.178234346575282,2.1387201909240017,0.7717377470384797,0.5955791502040286,9.813834185479207e-05,360.0,43.28140830275008,42.71304865102894,31.841865850670544
1,1,0.0015508176541684,3.9356668950943696,2.059077634010754,0.7996996995707991,0.6395196094936263,0.0004316406848374,359.9992370605469,35.51347609633607,50.17264559179428,43.93507492301455
2,2,0.1028781437514745,4.091494271082324,2.0393395386347604,0.8145433837589138,0.6634809240254211,3.0025294108781964e-06,359.9999694824219,43.784291363175655,50.39149287363885,44.31919027219444
3,3,0.0035301096641151,3.4794253740330263,1.967104808875884,0.7599787868624346,0.5775677564808978,0.0003753591154236,359.9999694824219,36.3921914089067,55.71809736569819,54.1838578763829
4,4,0.0040513623511222,3.4226914746198136,1.8899326920505417,0.7418484154453033,0.5503390714987073,0.0007527202251367,359.9999084472656,30.52246008022451,63.85682744368384,71.16919336513006
5,5,0.0013289031885899,3.128322617473833,1.7464362346860594,0.6343209296883028,0.4023630418406327,0.0005333664012141,359.9999694824219,34.99370801714794,81.48716339891239,115.89261644105744
6,6,0.0052501373100169,3.086464171913697,1.7018446725668777,0.645826800040425,0.4170922556504551,0.000153567554662,359.9999694824219,42.8387525097959,88.51952638872557,136.75887855396329
7,7,0.0043303920105404,3.372860688573005,1.6995630588718782,0.6444767850993076,0.4153503265319391,0.0001369873643852,359.9999694824219,29.26709291995412,88.03361776226562,135.26158335175725
8,8,0.0026693092904397,3.382966049375849,1.7543277004019326,0.7155957445112162,0.5120772695625618,2.151382614101749e-05,359.9999694824219,25.796501096850196,83.57750346404266,121.9147229454682
9,9,0.0026329453262562,3.4940430497214705,1.7038546759697624,0.7345613390578581,0.5395803608384736,0.0001165412104455,359.9997253417969,18.78174339162453,96.7617448937596,163.41230286861182
10,10,0.0032940126243978,3.2588624805404813,1.7290696696190238,0.7003297994551179,0.4904618280048456,0.000212062819628,359.9999389648437,27.11833816787871,92.4555740086122,149.19132330349393
11,11,0.0019316272977744,3.233232203716631,1.721924668046416,0.7267428573829873,0.528155180757189,0.0002894633507821,359.9998779296875,10.93470376450264,95.58984777849268,159.47804665488593
12,12,0.0008350804226232,3.261814781358372,1.664737421021779,0.7038037847254345,0.4953397673938456,5.833157410961576e-05,359.9993591308594,19.91770784327415,100.34585166393268,175.74226289845427
13,13,0.0017785263065644,3.125795568402561,1.6586456111072887,0.7189370278260433,0.516870449979345,5.446620889415499e-06,359.9997863769531,38.71761278588085,95.34877368993077,158.67466541925305
14,14,0.0027099893556151,3.131469876398287,1.644901379708087,0.7145382798438444,0.5105649533622002,0.0002283099893247,359.99884033203125,26.98231090686719,95.16764797344553,158.07239726496255
15,15,0.0051286213297677,3.3233000559403223,1.63671636162844,0.7359123196268302,0.541566942178542,0.0001163912311312,359.9998779296875,45.58621663412847,95.68897672071432,159.80898320384551
16,16,0.0014940145447476,3.3455470105012823,1.6561390597548926,0.709268085375259,0.5030612169318857,4.533947503659874e-05,359.99908447265625,26.400442279858336,93.86944893835448,153.78922354967554
17,17,0.0014461128801248,3.342794121678176,1.6681117374851706,0.7294817802190895,0.532143667671612,0.000104230166471,359.9999694824219,47.94311869327867,86.50744422360191,130.61237615924017
18,18,0.0003731375597895,3.5071657428710936,1.6611146606222302,0.7412795071894747,0.5494953077790704,0.0002899102400988,359.9999084472656,42.7467330701576,95.63286689135228,159.621621480355
